{"weights": [0.013444377109408379, 0.011442719027400017, 0.01341759879142046, 0.005307701416313648, 0.00921688973903656, 0.06688109040260315, 0.02066289819777012, 0.3723564147949219, 0.015829240903258324, 0.008746364153921604, 0.007503412663936615, 0.012119749560952187, 0.011399241164326668, 0.20554710924625397, 0.02706744335591793, 0.029961993917822838, 0.011099610477685928, 0.008769003674387932, 0.011594275012612343, 0.005978655070066452, 0.007604051847010851, 0.00997914094477892, 0.007816043682396412, 0.010800615884363651, 0.015057279728353024, 0.03437621518969536, 0.0109861446544528, 0.015614021569490433, 0.01351056806743145, 0.005910220090299845], "n_estimators": 200}