{"mean": [0.3179556761646314, -0.6339891451831751, 0.7415196743554953, 0.7003618272274988, 0.7431026684758028, -0.7349615558570782, 0.07044323835368611, 0.2473993668023519, -0.33717774762550884, 0.6298055178652193, 0.7281772953414745, 0.6786521935775667, 0.18747173224785166, -0.07892356399819087, -0.11702849389416553, -0.5927182270465853, 0.6363636363636364, 0.7087290818634102, 0.1149932157394844, 0.7600633197648123, 0.9111261872455902, 0.6162369968340118, 0.816146540027137, 0.06806874717322478, 0.37720488466757124, 0.2856173677069199, -0.4873360470375396, 0.7202623247399367, 0.33966530981456355, 0.7177747625508819], "scale": [0.9481055785062612, 0.7663654597993925, 0.6709311235467619, 0.7137880014139767, 0.6691774234865826, 0.6781087755014994, 0.8192004092712384, 0.9134089672022587, 0.9414410053243849, 0.7767528626703111, 0.6853888141406855, 0.7344598015905003, 0.9822699983242845, 0.7152875578420055, 0.764567222737494, 0.7624269028602598, 0.7713892158398699, 0.7054807499294702, 0.3190137553043392, 0.6498490208872308, 0.41212749352028627, 0.7875607682795012, 0.5778449837125289, 0.9976806330977203, 0.9261298370006897, 0.8295843210717126, 0.8732145081581185, 0.6937017972877265, 0.5727931328253493, 0.6962753695521802]}